[
    {
        "id": "01",
        "question" : "Qual dos seguintes é o nome correto do React.js?",
        "options": [
            "React",
            "React.js",
            "ReactJS",
            "Todos os anteriores"
        ],
        "answer": "Todos os anteriores"
    },
    {
        "id": "02",
        "question" : "Quais são as vantagens do React.js?",
        "options": [
            "React.js pode aumentar o desempenho da aplicação com o Virtual DOM.",
            "React.js é fácil de integrar com outros frameworks como Angular, BackboneJS, pois é apenas uma biblioteca de visualização.",
            "React.js pode renderizar tanto no lado do cliente quanto no servidor.",
            "Todos os anteriores"
        ],
        "answer": "Todos os anteriores"
    },
    {
        "id": "03",
        "question" : "Qual dos seguintes NÃO é uma desvantagem do React.js?",
        "options": [
            "React.js possui apenas uma camada de visualização. Você precisa colocar seu código para requisições Ajax, eventos, etc.",
            "A biblioteca do React.js é bastante grande.",
            "O JSX no React.js torna o código fácil de ler e escrever.",
            "A curva de aprendizado pode ser íngreme no React.js."
        ],
        "answer": "O JSX no React.js torna o código fácil de ler e escrever."
    },
    {
        "id": "04",
        "question" : "Qual comando a seguir é usado para instalar o create-react-app?",
        "options": [
            "npm install -g create-react-app",
            "npx create-react-app my-app",
            "npm install create-react-app",
            "npm install -f create-react-app"
        ],
        "answer": "npx create-react-app my-app"
    },
    {
        "id": "05",
        "question" : "O que é usado no React.js para aumentar o desempenho?",
        "options": [
            "DOM Original",
            "Virtual DOM",
            "Ambos A e B.",
            "Nenhum dos anteriores."
        ],
        "answer": "Virtual DOM"
    },
    {
        "id": "06",
        "question" : "Qual é a porta padrão onde o webpack-server roda?",
        "options": [
            "3000",
            "8080",
            "3030",
            "6060"
        ],
        "answer": "3000"
    },
    {
        "id": "07",
        "question" : "Quantos elementos um componente React válido pode retornar?",
        "options": [
            "1",
            "2",
            "3",
            "Ilimitado"
        ],
        "answer": "1"
    },
    {
        "id": "08",
        "question" : "Qual é a maneira declarativa de renderizar uma lista dinâmica de componentes com base nos valores de um array?",
        "options": [
            "Usando o método reduce do array",
            "Usando o componente <Each />",
            "Usando o método Array.map()",
            "Com um loop for/while"
        ],
        "answer": "Usando o método Array.map()"
    },
    {
        "id": "09",
        "question" : "O que é um estado (state) no React?",
        "options": [
            "Um armazenamento permanente.",
            "Armazenamento interno do componente.",
            "Armazenamento externo do componente.",
            "Nenhum dos anteriores."
        ],
        "answer": "Armazenamento interno do componente."
    },
    {
        "id": "10",
        "question" : "Quais são as duas maneiras de lidar com dados no React?",
        "options": [
            "State & Props",
            "Services & Components",
            "State & Services",
            "State & Component"
        ],
        "answer": "State & Props"
    }
]
